,total,data,pde
0,1.6757069078693352,1.118869789033772,0.5568371155184222
