,total,data,pde
0,1.067227562485748,0.9919212176548846,0.07530634566663946
